combo_id,strategy_id,strategy_name,symbol,timeframe,strategy_type,param1_name,param1_value,param2_name,param2_value,total_return,total_return_pct,cagr,cagr_pct,sharpe,sharpe_ratio,sortino,sortino_ratio,max_drawdown,max_drawdown_pct,profit_factor,win_rate,win_rate_pct,trades,total_trades,expectancy,avg_trade,exposure,exposure_time_pct,volatility,ending_equity,selected_for_dashboard
bollinger_mean_reversion__10__1p5,bollinger_mean_reversion,Bollinger Bands Mean Reversion,BTCUSDT,1m,Mean Reversion,bb_length,10.0,std_dev,1.5,-0.06387952676527786,-6.387952676527786,-0.9999999999656374,-99.99999999656374,-98.0713089151961,-98.0713089151961,-137.50979490469314,-137.50979490469314,-0.06451187110992607,-6.451187110992606,0.3193629342555834,0.38333333333333336,38.333333333333336,120,120,-285.1800142940192,-285.1800142940192,0.6291666666666667,62.916666666666664,0.24536633520213347,936120.4732347222,False
bollinger_mean_reversion__10__2,bollinger_mean_reversion,Bollinger Bands Mean Reversion,BTCUSDT,1m,Mean Reversion,bb_length,10.0,std_dev,2.0,-0.03454458006292471,-3.4544580062924712,-0.9999973253798626,-99.99973253798626,-63.95474589166625,-63.95474589166625,-68.89000305732145,-68.89000305732145,-0.03495226702001375,-3.495226702001375,0.36291134988760865,0.45714285714285713,45.714285714285715,70,70,-287.777609744979,-287.777609744979,0.37083333333333335,37.083333333333336,0.20032106966539667,965455.4199370752,False
bollinger_mean_reversion__10__2p5,bollinger_mean_reversion,Bollinger Bands Mean Reversion,BTCUSDT,1m,Mean Reversion,bb_length,10.0,std_dev,2.5,-0.004053140639339925,-0.4053140639339925,-0.7729085683314176,-77.29085683314176,-20.014885990120273,-20.014885990120273,-10.853866543776753,-10.853866543776753,-0.005960943958953968,-0.5960943958953968,0.393780124006493,0.375,37.5,8,8,-477.9006398344209,-477.9006398344209,0.06736111111111111,6.736111111111111,0.0739284083559281,995946.8593606601,False
bollinger_mean_reversion__10__3,bollinger_mean_reversion,Bollinger Bands Mean Reversion,BTCUSDT,1m,Mean Reversion,bb_length,10.0,std_dev,3.0,0.0,0.0,0.0,0.0,0.0,0.0,0.0,0.0,0.0,0.0,0.0,0.0,0.0,0,0,0.0,0.0,0.0,0.0,0.0,1000000.0,False
bollinger_mean_reversion__10__3p5,bollinger_mean_reversion,Bollinger Bands Mean Reversion,BTCUSDT,1m,Mean Reversion,bb_length,10.0,std_dev,3.5,0.0,0.0,0.0,0.0,0.0,0.0,0.0,0.0,0.0,0.0,0.0,0.0,0.0,0,0,0.0,0.0,0.0,0.0,0.0,1000000.0,False
bollinger_mean_reversion__20__1p5,bollinger_mean_reversion,Bollinger Bands Mean Reversion,BTCUSDT,1m,Mean Reversion,bb_length,20.0,std_dev,1.5,-0.03878643331418341,-3.878643331418341,-0.9999994638818268,-99.99994638818268,-58.896149238754525,-58.896149238754525,-78.47534032398326,-78.47534032398326,-0.039258678698025684,-3.9258678698025684,0.3816489999949454,0.47297297297297297,47.2972972972973,74,74,-300.39429614193597,-300.39429614193597,0.6756944444444445,67.56944444444444,0.2446473564976442,961213.5666858166,False
bollinger_mean_reversion__20__2,bollinger_mean_reversion,Bollinger Bands Mean Reversion,BTCUSDT,1m,Mean Reversion,bb_length,20.0,std_dev,2.0,-0.028964215606455013,-2.8964215606455013,-0.9999780789842047,-99.99780789842046,-48.89841561749236,-48.89841561749236,-54.94473534714638,-54.94473534714638,-0.029564827640181313,-2.9564827640181313,0.35725362412722106,0.43137254901960786,43.13725490196079,51,51,-359.2026760446058,-359.2026760446058,0.5076388888888889,50.763888888888886,0.21890271700498798,971035.784393545,False
bollinger_mean_reversion__20__2p5,bollinger_mean_reversion,Bollinger Bands Mean Reversion,BTCUSDT,1m,Mean Reversion,bb_length,20.0,std_dev,2.5,-0.01223760397007212,-1.223760397007212,-0.9888272946990725,-98.88272946990725,-26.595203636052318,-26.595203636052318,-21.580425151272202,-21.580425151272202,-0.012852750003987223,-1.2852750003987223,0.8054266276074658,0.56,56.00000000000001,25,25,-87.16226244000718,-87.16226244000718,0.2763888888888889,27.63888888888889,0.1684542244623124,987762.3960299279,False
bollinger_mean_reversion__20__3,bollinger_mean_reversion,Bollinger Bands Mean Reversion,BTCUSDT,1m,Mean Reversion,bb_length,20.0,std_dev,3.0,-0.002460681795156794,-0.24606817951567939,-0.5931276180629224,-59.31276180629224,-13.102586762494921,-13.102586762494921,-5.50957392648627,-5.50957392648627,-0.003317120721548994,-0.3317120721548994,0.782797077034406,0.6,60.0,5,5,-116.23505408684723,-116.23505408684723,0.06875,6.875000000000001,0.06845305966671214,997539.3182048432,False
bollinger_mean_reversion__20__3p5,bollinger_mean_reversion,Bollinger Bands Mean Reversion,BTCUSDT,1m,Mean Reversion,bb_length,20.0,std_dev,3.5,0.0,0.0,0.0,0.0,0.0,0.0,0.0,0.0,0.0,0.0,0.0,0.0,0.0,0,0,0.0,0.0,0.0,0.0,0.0,1000000.0,False
bollinger_mean_reversion__30__1p5,bollinger_mean_reversion,Bollinger Bands Mean Reversion,BTCUSDT,1m,Mean Reversion,bb_length,30.0,std_dev,1.5,-0.027016338391219863,-2.7016338391219863,-0.999954446171064,-99.9954446171064,-39.64990930955446,-39.64990930955446,-52.4915502648811,-52.4915502648811,-0.02971559150997083,-2.971559150997083,0.7229312884745316,0.5882352941176471,58.82352941176471,51,51,-136.42223945111903,-136.42223945111903,0.7,70.0,0.25132313940815165,972983.6616087802,False
bollinger_mean_reversion__30__2,bollinger_mean_reversion,Bollinger Bands Mean Reversion,BTCUSDT,1m,Mean Reversion,bb_length,30.0,std_dev,2.0,-0.017189991433330443,-1.7189991433330443,-0.9982160066117549,-99.8216006611755,-27.403839176716755,-27.403839176716755,-31.885429370521265,-31.885429370521265,-0.019603445111472384,-1.9603445111472384,0.7948497210901271,0.525,52.5,40,40,-101.84837609290261,-101.84837609290261,0.5743055555555555,57.43055555555555,0.22998300169548747,982810.0085666695,False
bollinger_mean_reversion__30__2p5,bollinger_mean_reversion,Bollinger Bands Mean Reversion,BTCUSDT,1m,Mean Reversion,bb_length,30.0,std_dev,2.5,-0.00818055191307776,-0.818055191307776,-0.9501223178343633,-95.01223178343633,-15.673274883274638,-15.673274883274638,-14.751503995041194,-14.751503995041194,-0.012109236811760571,-1.210923681176057,0.8475336295580992,0.5714285714285714,57.14285714285714,21,21,-91.41401501475013,-91.41401501475013,0.3388888888888889,33.88888888888889,0.19013881091383789,991819.4480869223,False
bollinger_mean_reversion__30__3,bollinger_mean_reversion,Bollinger Bands Mean Reversion,BTCUSDT,1m,Mean Reversion,bb_length,30.0,std_dev,3.0,0.0023832728613428777,0.23832728613428777,1.3841904681255754,138.41904681255755,7.393047780504836,7.393047780504836,4.178345463696204,4.178345463696204,-0.003549880844983977,-0.3549880844983977,5.292251470541762,0.8333333333333334,83.33333333333334,6,6,899.1180438058024,899.1180438058024,0.10694444444444444,10.694444444444445,0.1184729467143287,1002383.2728613429,False
bollinger_mean_reversion__30__3p5,bollinger_mean_reversion,Bollinger Bands Mean Reversion,BTCUSDT,1m,Mean Reversion,bb_length,30.0,std_dev,3.5,0.0005193395991349714,0.05193395991349714,0.20865690590058739,20.86569059005874,4.7164435001405645,4.7164435001405645,0.7547980148336529,0.7547980148336529,-0.0014876820226982224,-0.14876820226982224,999999.0,1.0,100.0,1,1,1548.9806420352543,1548.9806420352543,0.011805555555555555,1.1805555555555556,0.04035329473468791,1000519.339599135,False
bollinger_mean_reversion__40__1p5,bollinger_mean_reversion,Bollinger Bands Mean Reversion,BTCUSDT,1m,Mean Reversion,bb_length,40.0,std_dev,1.5,-0.015811853914965424,-1.5811853914965424,-0.9970247913716317,-99.70247913716317,-23.340488798097937,-23.340488798097937,-29.89577121398625,-29.89577121398625,-0.01884307627833426,-1.8843076278334259,0.9111245088014144,0.6190476190476191,61.904761904761905,42,42,-45.60872527927859,-45.60872527927859,0.6569444444444444,65.69444444444444,0.24792440712999297,984188.1460850346,False
bollinger_mean_reversion__40__2,bollinger_mean_reversion,Bollinger Bands Mean Reversion,BTCUSDT,1m,Mean Reversion,bb_length,40.0,std_dev,2.0,-0.006363508360098358,-0.6363508360098358,-0.9027142010974983,-90.27142010974984,-9.984805368675778,-9.984805368675778,-11.60232732981638,-11.60232732981638,-0.0122999146997117,-1.22999146997117,1.4104554824411506,0.6666666666666666,66.66666666666666,33,33,184.59167689743987,184.59167689743987,0.53125,53.125,0.2306992958632059,993636.4916399017,False
bollinger_mean_reversion__40__2p5,bollinger_mean_reversion,Bollinger Bands Mean Reversion,BTCUSDT,1m,Mean Reversion,bb_length,40.0,std_dev,2.5,-0.005260083742371524,-0.5260083742371524,-0.8541239282097131,-85.4123928209713,-10.416962411195794,-10.416962411195794,-9.452724278439618,-9.452724278439618,-0.010326191005867624,-1.0326191005867624,0.9893947654233185,0.6470588235294118,64.70588235294117,17,17,-7.071761755813735,-7.071761755813735,0.32222222222222224,32.22222222222222,0.1831836718699467,994739.9162576285,False
bollinger_mean_reversion__40__3,bollinger_mean_reversion,Bollinger Bands Mean Reversion,BTCUSDT,1m,Mean Reversion,bb_length,40.0,std_dev,3.0,0.0010915230351395966,0.10915230351395966,0.4891248989919763,48.91248989919763,3.3441598490949183,3.3441598490949183,1.981207961851276,1.981207961851276,-0.003549880844984088,-0.3549880844984088,11.147670523121572,0.8333333333333334,83.33333333333334,6,6,912.4790906951918,912.4790906951918,0.11666666666666667,11.666666666666666,0.12126801413343007,1001091.5230351395,False
bollinger_mean_reversion__40__3p5,bollinger_mean_reversion,Bollinger Bands Mean Reversion,BTCUSDT,1m,Mean Reversion,bb_length,40.0,std_dev,3.5,0.00311486544906292,0.311486544906292,2.1116678596610647,211.1667859661065,15.1933123774796,15.1933123774796,4.835368224062626,4.835368224062626,-0.0017609610303658263,-0.17609610303658263,999999.0,1.0,100.0,2,2,507.4938157571596,507.4938157571596,0.029861111111111113,2.986111111111111,0.0748989935906915,1003114.8654490629,True
bollinger_mean_reversion__50__1p5,bollinger_mean_reversion,Bollinger Bands Mean Reversion,BTCUSDT,1m,Mean Reversion,bb_length,50.0,std_dev,1.5,-0.012282856737921732,-1.2282856737921732,-0.9890125743308448,-98.90125743308448,-18.596946454205213,-18.596946454205213,-24.447554655366666,-24.447554655366666,-0.016621265776746053,-1.6621265776746053,0.8567291899067312,0.6060606060606061,60.60606060606061,33,33,-90.31342938633382,-90.31342938633382,0.6465277777777778,64.65277777777779,0.24100435424677968,987717.1432620783,False
bollinger_mean_reversion__50__2,bollinger_mean_reversion,Bollinger Bands Mean Reversion,BTCUSDT,1m,Mean Reversion,bb_length,50.0,std_dev,2.0,-0.010951865887113166,-1.0951865887113166,-0.9820377304885742,-98.20377304885743,-18.075700207149882,-18.075700207149882,-21.697403967040056,-21.697403967040056,-0.015365880201665072,-1.5365880201665072,0.7210024512936197,0.4583333333333333,45.83333333333333,24,24,-181.5794078311786,-181.5794078311786,0.5555555555555556,55.55555555555556,0.2210173789229843,989048.1341128869,False
bollinger_mean_reversion__50__2p5,bollinger_mean_reversion,Bollinger Bands Mean Reversion,BTCUSDT,1m,Mean Reversion,bb_length,50.0,std_dev,2.5,-0.005847419266958864,-0.5847419266958864,-0.8824125024148298,-88.24125024148299,-12.250488331965803,-12.250488331965803,-11.236787132857092,-11.236787132857092,-0.008811650752879263,-0.8811650752879263,0.9334967426147178,0.6153846153846154,61.53846153846154,13,13,-59.73461570065074,-59.73461570065074,0.31875,31.874999999999996,0.17350473706861005,994152.5807330412,False
bollinger_mean_reversion__50__3,bollinger_mean_reversion,Bollinger Bands Mean Reversion,BTCUSDT,1m,Mean Reversion,bb_length,50.0,std_dev,3.0,-0.00080200585223833,-0.080200585223833,-0.25386563817483854,-25.386563817483854,-2.0160240451851,-2.0160240451851,-1.4429434129776186,-1.4429434129776186,-0.005126958881140675,-0.5126958881140675,1.0433426252369462,0.6666666666666666,66.66666666666666,9,9,23.81950798644943,23.81950798644943,0.22430555555555556,22.430555555555557,0.14037419152532576,999197.9941477617,False
bollinger_mean_reversion__50__3p5,bollinger_mean_reversion,Bollinger Bands Mean Reversion,BTCUSDT,1m,Mean Reversion,bb_length,50.0,std_dev,3.5,0.0016847491547304916,0.16847491547304916,0.8485767491965779,84.85767491965778,6.908475989934768,6.908475989934768,3.5087929089174725,3.5087929089174725,-0.0042598798521364944,-0.42598798521364944,999999.0,1.0,100.0,3,3,1012.4099782164752,1012.4099782164752,0.08194444444444444,8.194444444444445,0.08951642267228986,1001684.7491547305,False
rsi_mean_reversion__7__20,rsi_mean_reversion,RSI Mean Reversion,BTCUSDT,1m,Mean Reversion,rsi_length,7.0,oversold_threshold,20.0,-0.007386859783138688,-0.7386859783138688,-0.9332106320823409,-93.3210632082341,-18.2534093226165,-18.2534093226165,-12.597405231083632,-12.597405231083632,-0.008385385092362418,-0.8385385092362418,0.9525484780802015,0.5833333333333334,58.333333333333336,24,24,-18.551563246738322,-18.551563246738322,0.17708333333333334,17.708333333333336,0.1476602877316279,992613.1402168613,False
rsi_mean_reversion__7__25,rsi_mean_reversion,RSI Mean Reversion,BTCUSDT,1m,Mean Reversion,rsi_length,7.0,oversold_threshold,25.0,-0.012724843187596813,-1.2724843187596813,-0.9906686125256647,-99.06686125256647,-25.75921978559393,-25.75921978559393,-24.025682985082,-24.025682985082,-0.013753054335847836,-1.3753054335847836,1.0744432370330435,0.5777777777777777,57.77777777777777,45,45,22.89899072611394,22.89899072611394,0.3076388888888889,30.76388888888889,0.180828553597712,987275.1568124032,False
rsi_mean_reversion__7__30,rsi_mean_reversion,RSI Mean Reversion,BTCUSDT,1m,Mean Reversion,rsi_length,7.0,oversold_threshold,30.0,-0.024705497850476155,-2.4705497850476155,-0.9998917175036494,-99.98917175036493,-43.941199896234046,-43.941199896234046,-50.11882673232693,-50.11882673232693,-0.025289530214332112,-2.528953021433211,0.6373557147928635,0.5522388059701493,55.223880597014926,67,67,-134.7665020906238,-134.7665020906238,0.44930555555555557,44.93055555555556,0.20730434226890043,975294.5021495238,False
rsi_mean_reversion__7__35,rsi_mean_reversion,RSI Mean Reversion,BTCUSDT,1m,Mean Reversion,rsi_length,7.0,oversold_threshold,35.0,-0.04266420056448694,-4.266420056448695,-0.9999998774059612,-99.99998774059613,-67.51091526376692,-67.51091526376692,-85.86223640621682,-85.86223640621682,-0.04302891514636609,-4.302891514636609,0.4981589414397081,0.5108695652173914,51.08695652173913,92,92,-186.67583948615737,-186.67583948615737,0.5763888888888888,57.638888888888886,0.23531690653169987,957335.7994355131,False
rsi_mean_reversion__7__40,rsi_mean_reversion,RSI Mean Reversion,BTCUSDT,1m,Mean Reversion,rsi_length,7.0,oversold_threshold,40.0,-0.061166455274431875,-6.116645527443188,-0.9999999999011815,-99.99999999011816,-89.89278948427479,-89.89278948427479,-131.36030406610135,-131.36030406610135,-0.06152412108398442,-6.152412108398442,0.3558902550230301,0.42276422764227645,42.27642276422765,123,123,-226.38157119259535,-226.38157119259535,0.7083333333333334,70.83333333333334,0.2559102560443752,938833.5447255682,False
rsi_mean_reversion__10__20,rsi_mean_reversion,RSI Mean Reversion,BTCUSDT,1m,Mean Reversion,rsi_length,10.0,oversold_threshold,20.0,-0.0009602337280503193,-0.09602337280503193,-0.2957724090335083,-29.577240903350834,-2.657253930731568,-2.657253930731568,-1.3805053146949795,-1.3805053146949795,-0.004843394666199652,-0.4843394666199652,2.8125896898268596,0.6666666666666666,66.66666666666666,12,12,453.7350750108405,453.7350750108405,0.11597222222222223,11.597222222222223,0.1288377589984782,999039.7662719496,False
rsi_mean_reversion__10__25,rsi_mean_reversion,RSI Mean Reversion,BTCUSDT,1m,Mean Reversion,rsi_length,10.0,oversold_threshold,25.0,-0.0042138555055406535,-0.42138555055406535,-0.7858989046774528,-78.58989046774528,-9.983705681656021,-9.983705681656021,-7.081694692600756,-7.081694692600756,-0.006751287331166367,-0.6751287331166367,1.529875434502442,0.6,60.0,20,20,179.79604131957166,179.79604131957166,0.19583333333333333,19.583333333333332,0.15320660042553036,995786.1444944594,False
rsi_mean_reversion__10__30,rsi_mean_reversion,RSI Mean Reversion,BTCUSDT,1m,Mean Reversion,rsi_length,10.0,oversold_threshold,30.0,-0.010206649561649517,-1.0206649561649517,-0.9763541940765982,-97.63541940765982,-19.76355994246031,-19.76355994246031,-18.76124971764295,-18.76124971764295,-0.012642737235513346,-1.2642737235513346,1.1609050723620535,0.5789473684210527,57.89473684210527,38,38,49.191191765761594,49.191191765761594,0.34930555555555554,34.93055555555556,0.188568159268733,989793.3504383505,False
rsi_mean_reversion__10__35,rsi_mean_reversion,RSI Mean Reversion,BTCUSDT,1m,Mean Reversion,rsi_length,10.0,oversold_threshold,35.0,-0.02031805524489494,-2.031805524489494,-0.9994427333733822,-99.94427333733822,-34.38999796987737,-34.38999796987737,-40.34697757012497,-40.34697757012497,-0.021816441370832163,-2.1816441370832163,0.7973175042819322,0.5689655172413793,56.896551724137936,58,58,-82.11123120024648,-82.11123120024648,0.5027777777777778,50.27777777777778,0.21718032681709806,979681.9447551051,False
rsi_mean_reversion__10__40,rsi_mean_reversion,RSI Mean Reversion,BTCUSDT,1m,Mean Reversion,rsi_length,10.0,oversold_threshold,40.0,-0.03631352281880795,-3.6313522818807953,-0.9999986305248173,-99.99986305248173,-54.46541523991353,-54.46541523991353,-73.73643428341198,-73.73643428341198,-0.037893974032674915,-3.7893974032674915,0.659014997341499,0.5617977528089888,56.17977528089888,89,89,-118.39612299158745,-118.39612299158745,0.6534722222222222,65.34722222222223,0.2473189136866998,963686.477181192,False
rsi_mean_reversion__14__20,rsi_mean_reversion,RSI Mean Reversion,BTCUSDT,1m,Mean Reversion,rsi_length,14.0,oversold_threshold,20.0,0.003190217472295531,0.3190217472295531,2.198160903095509,219.81609030955093,13.91929294528658,13.91929294528658,6.483044989197622,6.483044989197622,-0.003549880844983422,-0.3549880844983422,11.241770195593206,0.6666666666666666,66.66666666666666,3,3,645.4047228004007,645.4047228004007,0.05347222222222222,5.347222222222222,0.08377469913338688,1003190.2174722955,False
rsi_mean_reversion__14__25,rsi_mean_reversion,RSI Mean Reversion,BTCUSDT,1m,Mean Reversion,rsi_length,14.0,oversold_threshold,25.0,-0.0019535752150292574,-0.19535752150292574,-0.5101971741931817,-51.01971741931817,-5.310157231423504,-5.310157231423504,-3.0486833098505923,-3.0486833098505923,-0.00473912567742385,-0.473912567742385,2.251484063626729,0.75,75.0,8,8,475.1454843436368,475.1454843436368,0.15347222222222223,15.347222222222223,0.1327531913742613,998046.4247849707,False
rsi_mean_reversion__14__30,rsi_mean_reversion,RSI Mean Reversion,BTCUSDT,1m,Mean Reversion,rsi_length,14.0,oversold_threshold,30.0,-0.004670048476392852,-0.4670048476392852,-0.8188736339189462,-81.88736339189462,-9.439854168215595,-9.439854168215595,-8.065283060398736,-8.065283060398736,-0.008897702828808418,-0.8897702828808418,1.1580966423632726,0.6190476190476191,61.904761904761905,21,21,73.60284037906344,73.60284037906344,0.3034722222222222,30.34722222222222,0.179291495841592,995329.9515236071,False
rsi_mean_reversion__14__35,rsi_mean_reversion,RSI Mean Reversion,BTCUSDT,1m,Mean Reversion,rsi_length,14.0,oversold_threshold,35.0,-0.013616620301368454,-1.3616620301368454,-0.9932903903609064,-99.32903903609063,-24.070233365458407,-24.070233365458407,-25.03544932220401,-25.03544932220401,-0.015830830449690914,-1.5830830449690914,1.054019172479741,0.6060606060606061,60.60606060606061,33,33,21.48061000162764,21.48061000162764,0.4548611111111111,45.48611111111111,0.2070094057402557,986383.3796986316,False
rsi_mean_reversion__14__40,rsi_mean_reversion,RSI Mean Reversion,BTCUSDT,1m,Mean Reversion,rsi_length,14.0,oversold_threshold,40.0,-0.02383164220875511,-2.383164220875511,-0.9998498501171073,-99.98498501171072,-37.072768227075,-37.072768227075,-46.93036758844674,-46.93036758844674,-0.02535000833108092,-2.535000833108092,0.6518194381925108,0.6153846153846154,61.53846153846154,52,52,-180.30321166920925,-180.30321166920925,0.6326388888888889,63.263888888888886,0.2367178458130158,976168.3577912449,False
rsi_mean_reversion__20__20,rsi_mean_reversion,RSI Mean Reversion,BTCUSDT,1m,Mean Reversion,rsi_length,20.0,oversold_threshold,20.0,0.0018154790259192755,0.18154790259192755,0.9387609007269087,93.87609007269087,13.994084426776148,13.994084426776148,4.571255306632122,4.571255306632122,-0.0009032564153363953,-0.09032564153363953,999999.0,1.0,100.0,1,1,2178.0851628858363,2178.0851628858363,0.014583333333333334,1.4583333333333333,0.04738940594060191,1001815.4790259192,False
rsi_mean_reversion__20__25,rsi_mean_reversion,RSI Mean Reversion,BTCUSDT,1m,Mean Reversion,rsi_length,20.0,oversold_threshold,25.0,0.0037845573692207868,0.3784557369220787,2.9699602876632722,296.99602876632724,16.403792385397388,16.403792385397388,7.685168331181761,7.685168331181761,-0.003549880844984088,-0.3549880844984088,14.372071213873364,0.6666666666666666,66.66666666666666,3,3,843.1658617718689,843.1658617718689,0.05486111111111111,5.486111111111111,0.08426750528199319,1003784.5573692208,True
rsi_mean_reversion__20__30,rsi_mean_reversion,RSI Mean Reversion,BTCUSDT,1m,Mean Reversion,rsi_length,20.0,oversold_threshold,30.0,-0.0006910730807857535,-0.06910730807857535,-0.22301083500611396,-22.301083500611398,-1.9909973947334871,-1.9909973947334871,-0.9522897967780724,-0.9522897967780724,-0.004558819383096435,-0.4558819383096435,2.787499604440502,0.8333333333333334,83.33333333333334,6,6,744.8591844706874,744.8591844706874,0.10902777777777778,10.902777777777779,0.1229393858622329,999308.9269192142,False
rsi_mean_reversion__20__35,rsi_mean_reversion,RSI Mean Reversion,BTCUSDT,1m,Mean Reversion,rsi_length,20.0,oversold_threshold,35.0,-0.0013711280681243387,-0.13711280681243387,-0.3939574963780389,-39.39574963780389,-2.693784392273402,-2.693784392273402,-2.346920132090492,-2.346920132090492,-0.006356656152839313,-0.6356656152839313,1.7163127527027868,0.8,80.0,20,20,297.3351498571166,297.3351498571166,0.33055555555555555,33.05555555555556,0.1799040933101547,998628.8719318757,False
rsi_mean_reversion__20__40,rsi_mean_reversion,RSI Mean Reversion,BTCUSDT,1m,Mean Reversion,rsi_length,20.0,oversold_threshold,40.0,-0.014856850447113157,-1.4856850447113157,-0.9957610360415747,-99.57610360415747,-24.38804192864225,-24.38804192864225,-28.246360727740683,-28.246360727740683,-0.017136885967916182,-1.7136885967916182,0.747131574257793,0.5757575757575758,57.57575757575758,33,33,-143.1447783967085,-143.1447783967085,0.5423611111111111,54.23611111111111,0.2230004363276397,985143.1495528868,False
rsi_mean_reversion__30__20,rsi_mean_reversion,RSI Mean Reversion,BTCUSDT,1m,Mean Reversion,rsi_length,30.0,oversold_threshold,20.0,0.0,0.0,0.0,0.0,0.0,0.0,0.0,0.0,0.0,0.0,0.0,0.0,0.0,0,0,0.0,0.0,0.0,0.0,0.0,1000000.0,False
rsi_mean_reversion__30__25,rsi_mean_reversion,RSI Mean Reversion,BTCUSDT,1m,Mean Reversion,rsi_length,30.0,oversold_threshold,25.0,0.0,0.0,0.0,0.0,0.0,0.0,0.0,0.0,0.0,0.0,0.0,0.0,0.0,0,0,0.0,0.0,0.0,0.0,0.0,1000000.0,False
rsi_mean_reversion__30__30,rsi_mean_reversion,RSI Mean Reversion,BTCUSDT,1m,Mean Reversion,rsi_length,30.0,oversold_threshold,30.0,0.0037892165589732407,0.3789216558973241,2.976691849620139,297.6691849620139,15.90519751633565,15.90519751633565,9.998727520469776,9.998727520469776,-0.003549880844983533,-0.3549880844983533,999999.0,1.0,100.0,3,3,1345.5488364871126,1345.5488364871126,0.09861111111111111,9.86111111111111,0.08703055111872218,1003789.2165589732,False
rsi_mean_reversion__30__35,rsi_mean_reversion,RSI Mean Reversion,BTCUSDT,1m,Mean Reversion,rsi_length,30.0,oversold_threshold,35.0,-0.001037871600021889,-0.1037871600021889,-0.31546797886560696,-31.546797886560697,-2.454380188627288,-2.454380188627288,-1.7718676354811524,-1.7718676354811524,-0.00500069649589463,-0.500069649589463,1.8712720643878407,0.7142857142857143,71.42857142857143,7,7,244.13868968599542,244.13868968599542,0.21388888888888888,21.38888888888889,0.14985150412562376,998962.1283999782,False
rsi_mean_reversion__30__40,rsi_mean_reversion,RSI Mean Reversion,BTCUSDT,1m,Mean Reversion,rsi_length,30.0,oversold_threshold,40.0,-0.00452842779854723,-0.452842779854723,-0.8092191607919762,-80.92191607919762,-7.8904588028659814,-7.8904588028659814,-8.38903781761754,-8.38903781761754,-0.008148541104384344,-0.8148541104384344,1.0149586963618793,0.631578947368421,63.1578947368421,19,19,7.665029701985125,7.665029701985125,0.45555555555555555,45.55555555555556,0.20723209509758125,995471.5722014528,False
vwap_mean_reversion__0p5__0,vwap_mean_reversion,VWAP Mean Reversion,BTCUSDT,1m,Mean Reversion,vwap_deviation_pct,0.5,exit_threshold,0.0,0.0068194249541893015,0.6819424954189302,10.948926181893928,1094.8926181893928,10.58199356321278,10.58199356321278,14.062040666948501,14.062040666948501,-0.012568578423438725,-1.2568578423438725,6.3978483921732865,0.6666666666666666,66.66666666666666,3,3,2454.747972291312,2454.747972291312,0.6333333333333333,63.33333333333333,0.23707694615169406,1006819.4249541893,False
vwap_mean_reversion__0p5__0p2,vwap_mean_reversion,VWAP Mean Reversion,BTCUSDT,1m,Mean Reversion,vwap_deviation_pct,0.5,exit_threshold,0.2,0.0011516360352465949,0.11516360352465949,0.5221218191060548,52.21218191060548,2.00207494657371,2.00207494657371,2.379652680648991,2.379652680648991,-0.01256857842343928,-1.256857842343928,1.5431830987343154,0.6666666666666666,66.66666666666666,3,3,565.4072128502108,565.4072128502108,0.5166666666666667,51.66666666666667,0.2221596376506091,1001151.6360352465,False
vwap_mean_reversion__0p5__0p4,vwap_mean_reversion,VWAP Mean Reversion,BTCUSDT,1m,Mean Reversion,vwap_deviation_pct,0.5,exit_threshold,0.4,0.0024694613253906095,0.24694613253906095,1.4601991056934946,146.01991056934946,4.6323081366153955,4.6323081366153955,4.531261192056733,4.531261192056733,-0.009360593619155422,-0.9360593619155422,3.1386317466892706,0.7777777777777778,77.77777777777779,9,9,472.38798378464867,472.38798378464867,0.3055555555555556,30.555555555555557,0.19859656608504136,1002469.4613253906,False
vwap_mean_reversion__0p5__0p6,vwap_mean_reversion,VWAP Mean Reversion,BTCUSDT,1m,Mean Reversion,vwap_deviation_pct,0.5,exit_threshold,0.6,-0.025005449200366403,-2.5005449200366403,-0.9999032170656273,-99.99032170656274,-50.059581364749754,-50.059581364749754,-48.32611610373171,-48.32611610373171,-0.026015681547996272,-2.601568154799627,0.20536312073707588,0.1206896551724138,12.068965517241379,58,58,-215.58619562942326,-215.58619562942326,0.2298611111111111,22.98611111111111,0.1842999143364867,974994.5507996336,False
vwap_mean_reversion__0p5__0p8,vwap_mean_reversion,VWAP Mean Reversion,BTCUSDT,1m,Mean Reversion,vwap_deviation_pct,0.5,exit_threshold,0.8,-0.08958536442474929,-8.95853644247493,-0.9999999999999987,-99.99999999999987,-197.4845108780877,-197.4845108780877,-190.74021746025187,-190.74021746025187,-0.08970248762736277,-8.970248762736277,0.054149121335007884,0.029069767441860465,2.9069767441860463,172,172,-262.8768621959993,-262.8768621959993,0.15208333333333332,15.208333333333332,0.1733856308960785,910414.6355752507,False
vwap_mean_reversion__1__0,vwap_mean_reversion,VWAP Mean Reversion,BTCUSDT,1m,Mean Reversion,vwap_deviation_pct,1.0,exit_threshold,0.0,0.007796138119115836,0.7796138119115836,16.022830641330625,1602.2830641330625,18.650237697949027,18.650237697949027,16.17576663598377,16.17576663598377,-0.0030280309526216076,-0.30280309526216076,999999.0,1.0,100.0,1,1,8353.437844266882,8353.437844266882,0.26666666666666666,26.666666666666668,0.15260969779060246,1007796.1381191158,True
vwap_mean_reversion__1__0p2,vwap_mean_reversion,VWAP Mean Reversion,BTCUSDT,1m,Mean Reversion,vwap_deviation_pct,1.0,exit_threshold,0.2,0.006023813254828925,0.6023813254828925,7.953961482234801,795.39614822348,15.00487088197361,15.00487088197361,12.12734165913567,12.12734165913567,-0.0030280309526216076,-0.30280309526216076,999999.0,1.0,100.0,1,1,6581.112979979953,6581.112979979953,0.22083333333333333,22.083333333333332,0.1468107606382396,1006023.8132548289,False
vwap_mean_reversion__1__0p4,vwap_mean_reversion,VWAP Mean Reversion,BTCUSDT,1m,Mean Reversion,vwap_deviation_pct,1.0,exit_threshold,0.4,0.004252807084639043,0.4252807084639043,3.7066817699440744,370.6681769944074,12.912627238443687,12.912627238443687,7.5425329514408075,7.5425329514408075,-0.002820298239949337,-0.2820298239949337,999999.0,1.0,100.0,1,1,4810.10680979013,4810.10680979013,0.10694444444444444,10.694444444444445,0.1205213654350428,1004252.8070846391,False
vwap_mean_reversion__1__0p6,vwap_mean_reversion,VWAP Mean Reversion,BTCUSDT,1m,Mean Reversion,vwap_deviation_pct,1.0,exit_threshold,0.6,0.002579384277511698,0.2579384277511698,1.5606551199049084,156.06551199049085,11.017978224854808,11.017978224854808,3.9486271744581467,3.9486271744581467,-0.002820298239949337,-0.2820298239949337,999999.0,1.0,100.0,1,1,3136.684002662776,3136.684002662776,0.03888888888888889,3.888888888888889,0.08567210656878345,1002579.3842775117,False
vwap_mean_reversion__1__0p8,vwap_mean_reversion,VWAP Mean Reversion,BTCUSDT,1m,Mean Reversion,vwap_deviation_pct,1.0,exit_threshold,0.8,0.0011525572662338668,0.11525572662338668,0.522633128399167,52.2633128399167,5.949410858048761,5.949410858048761,1.6723713810537615,1.6723713810537615,-0.002820298239949337,-0.2820298239949337,999999.0,1.0,100.0,1,1,1709.856991384877,1709.856991384877,0.022916666666666665,2.2916666666666665,0.07109414380848633,1001152.5572662338,False
vwap_mean_reversion__1p5__0,vwap_mean_reversion,VWAP Mean Reversion,BTCUSDT,1m,Mean Reversion,vwap_deviation_pct,1.5,exit_threshold,0.0,0.0,0.0,0.0,0.0,0.0,0.0,0.0,0.0,0.0,0.0,0.0,0.0,0.0,0,0,0.0,0.0,0.0,0.0,0.0,1000000.0,False
vwap_mean_reversion__1p5__0p2,vwap_mean_reversion,VWAP Mean Reversion,BTCUSDT,1m,Mean Reversion,vwap_deviation_pct,1.5,exit_threshold,0.2,0.0,0.0,0.0,0.0,0.0,0.0,0.0,0.0,0.0,0.0,0.0,0.0,0.0,0,0,0.0,0.0,0.0,0.0,0.0,1000000.0,False
vwap_mean_reversion__1p5__0p4,vwap_mean_reversion,VWAP Mean Reversion,BTCUSDT,1m,Mean Reversion,vwap_deviation_pct,1.5,exit_threshold,0.4,0.0,0.0,0.0,0.0,0.0,0.0,0.0,0.0,0.0,0.0,0.0,0.0,0.0,0,0,0.0,0.0,0.0,0.0,0.0,1000000.0,False
vwap_mean_reversion__1p5__0p6,vwap_mean_reversion,VWAP Mean Reversion,BTCUSDT,1m,Mean Reversion,vwap_deviation_pct,1.5,exit_threshold,0.6,0.0,0.0,0.0,0.0,0.0,0.0,0.0,0.0,0.0,0.0,0.0,0.0,0.0,0,0,0.0,0.0,0.0,0.0,0.0,1000000.0,False
vwap_mean_reversion__1p5__0p8,vwap_mean_reversion,VWAP Mean Reversion,BTCUSDT,1m,Mean Reversion,vwap_deviation_pct,1.5,exit_threshold,0.8,0.0,0.0,0.0,0.0,0.0,0.0,0.0,0.0,0.0,0.0,0.0,0.0,0.0,0,0,0.0,0.0,0.0,0.0,0.0,1000000.0,False
vwap_mean_reversion__2__0,vwap_mean_reversion,VWAP Mean Reversion,BTCUSDT,1m,Mean Reversion,vwap_deviation_pct,2.0,exit_threshold,0.0,0.0,0.0,0.0,0.0,0.0,0.0,0.0,0.0,0.0,0.0,0.0,0.0,0.0,0,0,0.0,0.0,0.0,0.0,0.0,1000000.0,False
vwap_mean_reversion__2__0p2,vwap_mean_reversion,VWAP Mean Reversion,BTCUSDT,1m,Mean Reversion,vwap_deviation_pct,2.0,exit_threshold,0.2,0.0,0.0,0.0,0.0,0.0,0.0,0.0,0.0,0.0,0.0,0.0,0.0,0.0,0,0,0.0,0.0,0.0,0.0,0.0,1000000.0,False
vwap_mean_reversion__2__0p4,vwap_mean_reversion,VWAP Mean Reversion,BTCUSDT,1m,Mean Reversion,vwap_deviation_pct,2.0,exit_threshold,0.4,0.0,0.0,0.0,0.0,0.0,0.0,0.0,0.0,0.0,0.0,0.0,0.0,0.0,0,0,0.0,0.0,0.0,0.0,0.0,1000000.0,False
vwap_mean_reversion__2__0p6,vwap_mean_reversion,VWAP Mean Reversion,BTCUSDT,1m,Mean Reversion,vwap_deviation_pct,2.0,exit_threshold,0.6,0.0,0.0,0.0,0.0,0.0,0.0,0.0,0.0,0.0,0.0,0.0,0.0,0.0,0,0,0.0,0.0,0.0,0.0,0.0,1000000.0,False
vwap_mean_reversion__2__0p8,vwap_mean_reversion,VWAP Mean Reversion,BTCUSDT,1m,Mean Reversion,vwap_deviation_pct,2.0,exit_threshold,0.8,0.0,0.0,0.0,0.0,0.0,0.0,0.0,0.0,0.0,0.0,0.0,0.0,0.0,0,0,0.0,0.0,0.0,0.0,0.0,1000000.0,False
vwap_mean_reversion__2p5__0,vwap_mean_reversion,VWAP Mean Reversion,BTCUSDT,1m,Mean Reversion,vwap_deviation_pct,2.5,exit_threshold,0.0,0.0,0.0,0.0,0.0,0.0,0.0,0.0,0.0,0.0,0.0,0.0,0.0,0.0,0,0,0.0,0.0,0.0,0.0,0.0,1000000.0,False
vwap_mean_reversion__2p5__0p2,vwap_mean_reversion,VWAP Mean Reversion,BTCUSDT,1m,Mean Reversion,vwap_deviation_pct,2.5,exit_threshold,0.2,0.0,0.0,0.0,0.0,0.0,0.0,0.0,0.0,0.0,0.0,0.0,0.0,0.0,0,0,0.0,0.0,0.0,0.0,0.0,1000000.0,False
vwap_mean_reversion__2p5__0p4,vwap_mean_reversion,VWAP Mean Reversion,BTCUSDT,1m,Mean Reversion,vwap_deviation_pct,2.5,exit_threshold,0.4,0.0,0.0,0.0,0.0,0.0,0.0,0.0,0.0,0.0,0.0,0.0,0.0,0.0,0,0,0.0,0.0,0.0,0.0,0.0,1000000.0,False
vwap_mean_reversion__2p5__0p6,vwap_mean_reversion,VWAP Mean Reversion,BTCUSDT,1m,Mean Reversion,vwap_deviation_pct,2.5,exit_threshold,0.6,0.0,0.0,0.0,0.0,0.0,0.0,0.0,0.0,0.0,0.0,0.0,0.0,0.0,0,0,0.0,0.0,0.0,0.0,0.0,1000000.0,False
vwap_mean_reversion__2p5__0p8,vwap_mean_reversion,VWAP Mean Reversion,BTCUSDT,1m,Mean Reversion,vwap_deviation_pct,2.5,exit_threshold,0.8,0.0,0.0,0.0,0.0,0.0,0.0,0.0,0.0,0.0,0.0,0.0,0.0,0.0,0,0,0.0,0.0,0.0,0.0,0.0,1000000.0,False
ema_crossover_trend__5__50,ema_crossover_trend,EMA Crossover Trend Following,BTCUSDT,1m,Trend Following,fast_ema,5.0,slow_ema,50.0,-0.06030702009169575,-6.030702009169575,-0.9999999998619986,-99.99999998619987,-75.77820029142174,-75.77820029142174,-106.1860702312589,-106.1860702312589,-0.06077872569289,-6.077872569289,0.19317329391601334,0.1282051282051282,12.82051282051282,78,78,-764.8743421027544,-764.8743421027544,0.9993055555555556,99.93055555555556,0.29901155712940686,939692.9799083043,False
ema_crossover_trend__5__75,ema_crossover_trend,EMA Crossover Trend Following,BTCUSDT,1m,Trend Following,fast_ema,5.0,slow_ema,75.0,-0.051439751212664864,-5.143975121266486,-0.9999999957469932,-99.99999957469932,-65.55620264168859,-65.55620264168859,-90.71155073559622,-90.71155073559622,-0.05162001944486738,-5.162001944486738,0.20627312146942567,0.16129032258064516,16.129032258064516,62,62,-819.2408033061938,-819.2408033061938,0.9993055555555556,99.93055555555556,0.2933703758464983,948560.2487873351,False
ema_crossover_trend__5__100,ema_crossover_trend,EMA Crossover Trend Following,BTCUSDT,1m,Trend Following,fast_ema,5.0,slow_ema,100.0,-0.04766434720257229,-4.766434720257228,-0.9999999818713341,-99.99999818713341,-61.0188548626549,-61.0188548626549,-85.88181211163663,-85.88181211163663,-0.04784533292784654,-4.784533292784654,0.21867188035775714,0.12,12.0,50,50,-940.3505158978281,-940.3505158978281,0.9993055555555556,99.93055555555556,0.29143447106825443,952335.6527974277,False
ema_crossover_trend__5__125,ema_crossover_trend,EMA Crossover Trend Following,BTCUSDT,1m,Trend Following,fast_ema,5.0,slow_ema,125.0,-0.04358701136333032,-4.358701136333032,-0.9999999137826063,-99.99999137826063,-55.86143149969925,-55.86143149969925,-78.29844134843728,-78.29844134843728,-0.04376877196202433,-4.376877196202433,0.2158503051170035,0.08695652173913043,8.695652173913043,46,46,-933.482390340205,-933.482390340205,0.9993055555555556,99.93055555555556,0.2904322661206782,956412.9886366697,False
ema_crossover_trend__5__150,ema_crossover_trend,EMA Crossover Trend Following,BTCUSDT,1m,Trend Following,fast_ema,5.0,slow_ema,150.0,-0.03852713827342902,-3.852713827342902,-0.9999994084164066,-99.99994084164065,-49.626054388698336,-49.626054388698336,-71.10820903597241,-71.10820903597241,-0.03870986047090219,-3.870986047090219,0.23250775417940583,0.19047619047619047,19.047619047619047,42,42,-901.9123063273368,-901.9123063273368,0.9993055555555556,99.93055555555556,0.28812998645419663,961472.861726571,False
ema_crossover_trend__10__50,ema_crossover_trend,EMA Crossover Trend Following,BTCUSDT,1m,Trend Following,fast_ema,10.0,slow_ema,50.0,-0.04304498216531227,-4.304498216531227,-0.9999998939754916,-99.99998939754916,-55.41692408224836,-55.41692408224836,-77.85848201026083,-77.85848201026083,-0.043226845773430944,-4.322684577343095,0.22621643008584216,0.16,16.0,50,50,-847.9632151526282,-847.9632151526282,0.9993055555555556,99.93055555555556,0.2890375949447034,956955.0178346877,False
ema_crossover_trend__10__75,ema_crossover_trend,EMA Crossover Trend Following,BTCUSDT,1m,Trend Following,fast_ema,10.0,slow_ema,75.0,-0.045697940826502026,-4.569794082650203,-0.9999999615107682,-99.99999615107681,-58.886515100211994,-58.886515100211994,-81.44846282343586,-81.44846282343586,-0.04587930025560971,-4.587930025560971,0.21157390966454517,0.14,14.000000000000002,50,50,-901.0223883764236,-901.0223883764236,0.9993055555555556,99.93055555555556,0.2892136322210595,954302.059173498,False
ema_crossover_trend__10__100,ema_crossover_trend,EMA Crossover Trend Following,BTCUSDT,1m,Trend Following,fast_ema,10.0,slow_ema,100.0,-0.04572320232143412,-4.5723202321434115,-0.9999999618808644,-99.99999618808644,-58.86454133950068,-58.86454133950068,-82.98912731604509,-82.98912731604509,-0.04601237636230493,-4.601237636230493,0.22265889967967087,0.1590909090909091,15.909090909090908,44,44,-1024.4632025853023,-1024.4632025853023,0.9993055555555556,99.93055555555556,0.2894844109973536,954276.7976785658,False
ema_crossover_trend__10__125,ema_crossover_trend,EMA Crossover Trend Following,BTCUSDT,1m,Trend Following,fast_ema,10.0,slow_ema,125.0,-0.04871588340083466,-4.871588340083466,-0.999999987887338,-99.9999987887338,-62.65504287181157,-62.65504287181157,-87.77900245002728,-87.77900245002728,-0.048896669287910144,-4.889666928791014,0.16557035415748728,0.15,15.0,40,40,-1201.726549828844,-1201.726549828844,0.9993055555555556,99.93055555555556,0.2902650182605481,951284.1165991654,False
ema_crossover_trend__10__150,ema_crossover_trend,EMA Crossover Trend Following,BTCUSDT,1m,Trend Following,fast_ema,10.0,slow_ema,150.0,-0.03981453202871965,-3.981453202871965,-0.9999996372378104,-99.99996372378104,-51.278510873075604,-51.278510873075604,-72.43859827739246,-72.43859827739246,-0.03999700956466834,-3.999700956466834,0.16799276761199167,0.13157894736842105,13.157894736842104,38,38,-1030.729226869442,-1030.729226869442,0.9993055555555556,99.93055555555556,0.28838051930354514,960185.4679712803,False
ema_crossover_trend__15__50,ema_crossover_trend,EMA Crossover Trend Following,BTCUSDT,1m,Trend Following,fast_ema,15.0,slow_ema,50.0,-0.03959267484621487,-3.959267484621487,-0.9999996053207503,-99.99996053207502,-51.008081498522245,-51.008081498522245,-70.83528711435484,-70.83528711435484,-0.03977519454480127,-3.9775194544801273,0.18353226652126498,0.21428571428571427,21.428571428571427,42,42,-927.2822247269991,-927.2822247269991,0.9993055555555556,99.93055555555556,0.2882569685698269,960407.3251537852,False
ema_crossover_trend__15__75,ema_crossover_trend,EMA Crossover Trend Following,BTCUSDT,1m,Trend Following,fast_ema,15.0,slow_ema,75.0,-0.044816374398846226,-4.481637439884622,-0.9999999460853064,-99.99999460853064,-57.895809523100944,-57.895809523100944,-79.90230878285405,-79.90230878285405,-0.044997901364409065,-4.4997901364409065,0.21793804847074957,0.175,17.5,40,40,-1104.2388247791328,-1104.2388247791328,0.9993055555555556,99.93055555555556,0.28834590817369765,955183.6256011538,False
ema_crossover_trend__15__100,ema_crossover_trend,EMA Crossover Trend Following,BTCUSDT,1m,Trend Following,fast_ema,15.0,slow_ema,100.0,-0.041743723022372725,-4.1743723022372725,-0.9999998258952771,-99.99998258952772,-53.998526743327126,-53.998526743327126,-75.0820017640987,-75.0820017640987,-0.04192583392705007,-4.192583392705007,0.19842572409905584,0.1388888888888889,13.88888888888889,36,36,-1141.5806004081064,-1141.5806004081064,0.9993055555555556,99.93055555555556,0.28745338624948646,958256.2769776273,False
ema_crossover_trend__15__125,ema_crossover_trend,EMA Crossover Trend Following,BTCUSDT,1m,Trend Following,fast_ema,15.0,slow_ema,125.0,-0.040039705808821546,-4.003970580882155,-0.999999667000481,-99.9999667000481,-51.38396324641767,-51.38396324641767,-73.1669863093401,-73.1669863093401,-0.04022214055183304,-4.022214055183304,0.20058534132343184,0.16666666666666666,16.666666666666664,36,36,-1094.246788920576,-1094.246788920576,0.9993055555555556,99.93055555555556,0.2894486596747431,959960.2941911784,False
ema_crossover_trend__15__150,ema_crossover_trend,EMA Crossover Trend Following,BTCUSDT,1m,Trend Following,fast_ema,15.0,slow_ema,150.0,-0.033606875830860417,-3.3606875830860417,-0.9999961880391869,-99.9996188039187,-42.62934177226671,-42.62934177226671,-59.70363807935239,-59.70363807935239,-0.0337905330949394,-3.37905330949394,0.2788506210132676,0.11764705882352941,11.76470588235294,34,34,-969.4133653876352,-969.4133653876352,0.9993055555555556,99.93055555555556,0.2916928051683209,966393.1241691395,False
ema_crossover_trend__20__50,ema_crossover_trend,EMA Crossover Trend Following,BTCUSDT,1m,Trend Following,fast_ema,20.0,slow_ema,50.0,-0.0431968237278586,-4.31968237278586,-0.999999899941946,-99.9999899941946,-55.468414506598805,-55.468414506598805,-76.41327826525308,-76.41327826525308,-0.043378658479391485,-4.337865847939149,0.19932388080302998,0.2222222222222222,22.22222222222222,36,36,-1181.944508893826,-1181.944508893826,0.9993055555555556,99.93055555555556,0.289809410052348,956803.1762721414,False
ema_crossover_trend__20__75,ema_crossover_trend,EMA Crossover Trend Following,BTCUSDT,1m,Trend Following,fast_ema,20.0,slow_ema,75.0,-0.04092194076177291,-4.092194076177291,-0.9999997619359269,-99.99997619359269,-53.20691718140574,-53.20691718140574,-75.09905502961001,-75.09905502961001,-0.041104207841280105,-4.11042078412801,0.20396430115369998,0.14705882352941177,14.705882352941178,34,34,-1184.562333943884,-1184.562333943884,0.9993055555555556,99.93055555555556,0.2858583840938325,959078.0592382271,False
ema_crossover_trend__20__100,ema_crossover_trend,EMA Crossover Trend Following,BTCUSDT,1m,Trend Following,fast_ema,20.0,slow_ema,100.0,-0.04137197549702565,-4.137197549702565,-0.9999997994169815,-99.99997994169814,-53.263412311149516,-53.263412311149516,-75.19403776104696,-75.19403776104696,-0.041554157050108675,-4.155415705010867,0.1798195395940965,0.17647058823529413,17.647058823529413,34,34,-1197.7986496866113,-1197.7986496866113,0.9993055555555556,99.93055555555556,0.28875576897174077,958628.0245029744,False
ema_crossover_trend__20__125,ema_crossover_trend,EMA Crossover Trend Following,BTCUSDT,1m,Trend Following,fast_ema,20.0,slow_ema,125.0,-0.02649067790861237,-2.649067790861237,-0.9999445193142876,-99.99445193142876,-33.99978715394687,-33.99978715394687,-48.768504919280915,-48.768504919280915,-0.02649067790861237,-2.649067790861237,0.2814836003014044,0.13333333333333333,13.333333333333334,30,30,-861.461883364385,-861.461883364385,0.9993055555555556,99.93055555555556,0.2870075192302229,973509.3220913876,False
ema_crossover_trend__20__150,ema_crossover_trend,EMA Crossover Trend Following,BTCUSDT,1m,Trend Following,fast_ema,20.0,slow_ema,150.0,-0.026576979145116586,-2.6576979145116586,-0.9999462858532351,-99.99462858532351,-33.82852421425751,-33.82852421425751,-47.642718408785576,-47.642718408785576,-0.026576979145116586,-2.6576979145116586,0.3543505526045073,0.125,12.5,32,32,-810.3174292948679,-810.3174292948679,0.9993055555555556,99.93055555555556,0.2893966971497386,973423.0208548834,False
ema_crossover_trend__25__50,ema_crossover_trend,EMA Crossover Trend Following,BTCUSDT,1m,Trend Following,fast_ema,25.0,slow_ema,50.0,-0.036420706057792684,-3.6420706057792684,-0.9999986850097359,-99.99986850097359,-47.12528066012513,-47.12528066012513,-66.15672589050916,-66.15672589050916,-0.036603828570176855,-3.6603828570176855,0.2338340194258066,0.20588235294117646,20.588235294117645,34,34,-1052.1730779444642,-1052.1730779444642,0.9993055555555556,99.93055555555556,0.2864803601691862,963579.2939422074,False
ema_crossover_trend__25__75,ema_crossover_trend,EMA Crossover Trend Following,BTCUSDT,1m,Trend Following,fast_ema,25.0,slow_ema,75.0,-0.04571277727937306,-4.571277727937306,-0.9999999617285633,-99.99999617285633,-59.05560733594447,-59.05560733594447,-82.63912331854597,-82.63912331854597,-0.04589413388890107,-4.589413388890106,0.16578705564334847,0.1388888888888889,13.88888888888889,36,36,-1251.8321075470044,-1251.8321075470044,0.9993055555555556,99.93055555555556,0.288485193860659,954287.222720627,False
ema_crossover_trend__25__100,ema_crossover_trend,EMA Crossover Trend Following,BTCUSDT,1m,Trend Following,fast_ema,25.0,slow_ema,100.0,-0.02887858508358121,-2.887858508358121,-0.9999773619570549,-99.99773619570549,-36.929460607822676,-36.929460607822676,-51.825741917600034,-51.825741917600034,-0.02887858508358121,-2.887858508358121,0.23579736817495367,0.15384615384615385,15.384615384615385,26,26,-1085.8370644577035,-1085.8370644577035,0.9993055555555556,99.93055555555556,0.2885000173373605,971121.4149164188,False
ema_crossover_trend__25__125,ema_crossover_trend,EMA Crossover Trend Following,BTCUSDT,1m,Trend Following,fast_ema,25.0,slow_ema,125.0,-0.012059741141861369,-1.2059741141861369,-0.9880683790328089,-98.8068379032809,-15.346400790822662,-15.346400790822662,-21.756669086087122,-21.756669086087122,-0.014426038928764262,-1.4426038928764262,0.5539272816503144,0.15,15.0,20,20,-570.6459867090277,-570.6459867090277,0.9993055555555556,99.93055555555556,0.2859087062773819,987940.2588581386,True
ema_crossover_trend__25__150,ema_crossover_trend,EMA Crossover Trend Following,BTCUSDT,1m,Trend Following,fast_ema,25.0,slow_ema,150.0,-0.01589412665066081,-1.5894126650660811,-0.9971142036631201,-99.71142036631201,-20.212218405187677,-20.212218405187677,-28.40898150459409,-28.40898150459409,-0.01589412665066081,-1.5894126650660811,0.4427354590912517,0.13636363636363635,13.636363636363635,22,22,-693.0593292263591,-693.0593292263591,0.9993055555555556,99.93055555555556,0.2872842660950293,984105.8733493392,False
